file_name,label
b0519792-3.png,5
b0261326-2.png,2
b0230886-2.png,5
b0531856-2.png,7
b0258085-2.png,5
b0166856-2.png,5
b0526974-2.png,5
b0510195-2.png,7
b0506464-2.png,5
b0541740-3.png,2
b0531187-1.png,2
b0247653-4.png,5
b0513038-1.png,3
b0167529-2.png,5
b0526408-3.png,0
b0524690-3.png,5
b0235898-3.png,2
b0506731-3.png,2
b0170708-4.png,5
b0505339-4.png,0
b0504549-4.png,5
b0516315-4.png,5
b0232959-3.png,5
b0546441-3.png,2
b0535551-2.png,5
b0524409-3.png,5
b0517675-2.png,5
b0253632-2.png,2
b0298466-1.png,5
b0532279-2.png,0
b0532452-3.png,7
b0543456-3.png,2
b0204048-2.png,2
b0541514-1.png,7
b0515884-2.png,7
b0156950-3.png,5
b0539551-4.png,7
b0537021-4.png,5
b0534728-2.png,5
b0508929-1.png,0
b0511323-2.png,5
b0507000-4.png,3
b0201303-1.png,5
b0523423-3.png,0
b0248900-4.png,5
b0543412-2.png,2
b0543551-2.png,5
b0301278-2.png,5
b0167349-1.png,5
b0165655-4.png,5
b0515016-2.png,7
b0531823-1.png,5
b0536324-3.png,7
b0518338-2.png,3
b0543542-1.png,5
b0222578-2.png,5
b0529480-2.png,5
b0541702-3.png,7
b0530355-2.png,5
b0531016-3.png,6
b0175482-4.png,5
b0256108-1.png,5
b0533197-3.png,5
b0519744-2.png,0
b0199595-3.png,5
b0261796-2.png,5
b0523660-2.png,0
b0539281-4.png,2
b0539906-4.png,5
b0542848-1.png,0
b0541500-4.png,0
b0544498-3.png,5
b0525695-3.png,5
b0513984-1.png,0
b0511473-4.png,2
b0536602-4.png,2
b0290320-3.png,2
b0536906-1.png,7
b0524467-1.png,2
b0510898-1.png,5
b0300988-2.png,5
b0248118-3.png,2
b0532474-1.png,7
b0514131-4.png,5
b0181212-1.png,5
b0533198-2.png,2
b0229399-3.png,2
b0510995-3.png,5
b0183961-2.png,5
b0515160-3.png,5
b0518031-2.png,0
b0524141-3.png,7
b0533897-3.png,5
b0522662-1.png,3
b0535028-1.png,0
b0224881-2.png,2
b0525219-3.png,7
b0518907-3.png,2
b0263161-3.png,2
b0528235-4.png,5
b0534247-1.png,0
b0544464-4.png,5
b0508511-1.png,2
b0546385-4.png,7
b0543012-1.png,5
b0524494-2.png,2
b0534507-2.png,2
b0546885-3.png,3
b0516689-3.png,7
b0546215-4.png,0
b0505624-3.png,5
b0527526-3.png,5
b0516431-4.png,5
b0540574-2.png,7
b0507599-4.png,2
b0508490-4.png,7
b0544035-2.png,7
b0541393-4.png,0
b0536857-1.png,7
b0542593-3.png,3
b0508039-2.png,2
b0137203-1.png,5
b0509255-3.png,5
b0528053-3.png,4
b0241816-2.png,5
b0515009-2.png,5
b0510640-2.png,2
b0205487-1.png,2
b0535967-1.png,2
b0512365-2.png,0
b0504722-2.png,5
b0527303-2.png,5
b0524239-2.png,0
b0529326-3.png,5
b0300185-1.png,5
b0517349-3.png,0
b0173784-1.png,5
b0543589-2.png,2
b0509229-3.png,5
b0525032-4.png,7
b0504758-2.png,2
b0524042-2.png,7
b0167778-4.png,2
b0505937-4.png,2
b0513697-4.png,5
b0207797-3.png,2
b0526497-3.png,0
b0526445-1.png,5
b0517989-1.png,5
b0514202-3.png,5
b0525063-1.png,7
b0539590-2.png,0
b0541632-1.png,5
b0525821-3.png,7
b0546431-4.png,7
b0545232-2.png,3
b0189561-4.png,2
b0537318-2.png,2
b0172692-4.png,5
b0522248-3.png,2
b0511614-2.png,2
b0546502-4.png,2
b0511783-2.png,7
b0539326-3.png,2
b0527829-3.png,7
b0507832-4.png,0
b0511326-2.png,5
b0525088-1.png,5
b0506290-4.png,5
b0530953-1.png,7
b0539463-1.png,5
b0526031-2.png,5
b0506197-1.png,5
b0522525-1.png,5
b0508312-4.png,7
b0519812-3.png,5
b0164638-4.png,2
b0538850-2.png,7
b0527025-2.png,2
b0516660-3.png,0
b0296124-4.png,5
b0516593-1.png,7
b0186474-2.png,2
b0514689-3.png,5
b0514990-4.png,5
b0255029-1.png,5
b0522615-4.png,0
b0208523-1.png,5
b0526109-2.png,5
b0157340-1.png,5
b0529266-1.png,5
b0206848-1.png,2
b0543546-2.png,5
b0543904-3.png,2
b0529550-2.png,5
b0538884-2.png,5
b0542415-3.png,7
b0530024-4.png,5
b0201199-2.png,2
b0195509-3.png,2
b0520774-3.png,2
b0544277-4.png,5
b0189613-2.png,2
b0521967-3.png,0
b0095042-1.png,2
b0544584-2.png,0
b0132536-2.png,5
b0539768-2.png,3
b0534328-4.png,0
b0520158-4.png,5
b0216675-2.png,2
b0167630-4.png,5
b0512274-4.png,3
b0543599-3.png,7
b0176817-1.png,5
b0213759-1.png,2
b0518784-3.png,0
b0510522-3.png,7
b0508269-3.png,5
b0525763-1.png,5
b0541509-4.png,0
b0525805-2.png,5
b0534685-1.png,3
b0546657-4.png,2
b0173908-4.png,5
b0535914-1.png,2
b0530454-1.png,5
b0542301-2.png,0
b0526089-3.png,5
b0521024-4.png,5
b0247900-2.png,5
b0533400-4.png,0
b0520401-2.png,2
b0519905-4.png,2
b0507083-2.png,5
b0524147-4.png,0
b0296530-4.png,5
b0534048-4.png,7
b0295010-1.png,2
b0531939-2.png,5
b0244636-4.png,2
b0522929-3.png,7
b0185711-2.png,5
b0539059-1.png,0
b0513079-3.png,3
b0519016-2.png,2
b0541599-4.png,0
b0526755-1.png,5
b0506404-2.png,2
b0537687-1.png,5
b0534118-1.png,7
b0527654-3.png,5
b0512835-3.png,5
b0530390-4.png,0
b0545171-1.png,5
b0524931-4.png,5
b0538964-4.png,5
b0531972-1.png,5
b0176534-3.png,2
b0532574-4.png,0
b0520730-3.png,5
b0505660-4.png,5
b0543127-1.png,7
b0523935-4.png,0
b0521195-2.png,2
b0524950-1.png,2
b0508131-3.png,2
b0531500-1.png,2
b0518944-2.png,2
b0537901-4.png,2
b0512251-4.png,3
b0522316-4.png,2
b0543897-3.png,5
b0505687-2.png,2
b0515812-1.png,3
b0520362-2.png,5
b0250579-2.png,5
b0521217-2.png,5
b0541191-3.png,2
b0543991-4.png,7
b0533616-4.png,5
b0521089-4.png,7
b0528258-1.png,0
b0534791-4.png,5
b0531801-1.png,2
b0531304-4.png,2
b0525477-4.png,2
b0544302-4.png,0
b0540852-3.png,2
b0179109-4.png,2
b0508215-1.png,2
b0507487-3.png,5
b0533514-4.png,3
b0163637-1.png,2
b0535135-3.png,7
b0506845-3.png,5
b0195708-1.png,5
b0540288-4.png,7
b0536207-2.png,5
b0529523-3.png,5
b0534373-2.png,2
b0519540-4.png,5
b0524782-3.png,5
b0512490-1.png,2
b0176230-3.png,2
b0524569-2.png,5
b0531237-1.png,2
b0523687-2.png,2
b0253669-2.png,2
b0532781-3.png,0
b0533616-3.png,2
b0167092-3.png,5
b0546041-3.png,5
b0516459-2.png,5
b0521765-4.png,2
b0245420-3.png,5
b0532598-2.png,5
b0544276-2.png,5
b0516034-1.png,5
b0529968-4.png,0
b0536942-4.png,5
b0506686-4.png,5
b0524822-2.png,0
b0525190-1.png,7
b0510161-3.png,2
b0521853-2.png,2
b0107771-2.png,2
b0544140-3.png,0
b0529124-1.png,5
b0507584-2.png,5
b0525128-1.png,5
b0522640-4.png,3
b0512448-1.png,5
b0504628-3.png,5
b0524232-3.png,7
b0541933-2.png,0
b0543307-2.png,2
b0543910-2.png,5
b0538441-1.png,5
b0537210-2.png,2
b0258074-1.png,2
b0254559-1.png,5
b0106902-3.png,2
b0541566-3.png,0
b0527447-1.png,0
b0223146-2.png,2
b0215973-1.png,5
b0525873-3.png,5
b0538213-3.png,2
b0532772-4.png,2
b0540836-1.png,7
b0509494-2.png,5
b0513317-3.png,5
b0512851-2.png,3
b0300185-3.png,5
b0538087-1.png,5
b0545283-1.png,0
b0505586-3.png,5
b0169244-4.png,2
b0515286-3.png,2
b0547386-1.png,0
b0509322-4.png,5
b0527380-2.png,3
b0171942-1.png,2
b0508850-1.png,5
b0200343-3.png,2
b0505276-1.png,7
b0540215-1.png,3
b0518536-4.png,5
b0519469-2.png,2
b0539807-3.png,3
b0516842-2.png,7
b0542925-4.png,5
b0520186-3.png,0
b0525179-4.png,0
b0543040-1.png,7
b0525350-4.png,3
b0524949-2.png,5
b0176572-2.png,5
b0543547-3.png,5
b0515722-3.png,5
b0526054-1.png,5
b0532096-3.png,5
b0530068-3.png,5
b0512845-4.png,3
b0510506-4.png,7
b0522620-4.png,7
b0532807-1.png,5
b0527966-2.png,2
b0244888-4.png,2
b0526800-2.png,5
b0522873-1.png,0
b0538223-4.png,7
b0537385-2.png,0
b0528141-2.png,2
b0505531-1.png,5
b0533534-3.png,5
b0523294-1.png,7
b0181145-4.png,2
b0509867-4.png,2
b0506252-4.png,2
b0513957-4.png,5
b0541846-1.png,2
b0543392-3.png,5
b0240109-4.png,2
b0525232-4.png,5
b0522818-1.png,0
b0525530-3.png,7
b0510115-1.png,7
b0531132-3.png,5
b0541563-1.png,7
b0176680-1.png,5
b0203353-4.png,5
b0525660-1.png,6
b0512196-3.png,7
b0523000-4.png,0
b0525315-1.png,2
b0518544-1.png,5
b0514179-2.png,5
b0523065-1.png,0
b0535619-2.png,2
b0524789-3.png,2
b0536470-2.png,5
b0181330-1.png,2
b0522042-3.png,2
b0138130-3.png,2
b0511456-4.png,7
b0538178-3.png,5
b0533579-2.png,2
b0537395-1.png,0
b0534921-1.png,7
b0090398-2.png,2
b0517408-4.png,5
b0533595-2.png,5
b0524141-2.png,2
b0527396-4.png,7
b0534563-3.png,2
b0534412-4.png,5
b0292620-3.png,5
b0542022-3.png,5
b0525327-3.png,5
b0547053-3.png,5
b0506020-2.png,5
b0516589-3.png,7
b0195489-3.png,2
b0177260-2.png,2
b0536533-3.png,2
b0504761-4.png,5
b0530062-2.png,2
b0538461-1.png,0
b0266198-4.png,2
b0545345-4.png,5
b0520229-3.png,7
b0514166-2.png,5
b0538465-3.png,0
b0526557-4.png,7
b0530342-4.png,0
b0516838-2.png,0
b0095897-1.png,2
b0230461-3.png,2
b0525011-2.png,7
b0513629-2.png,2
b0532612-4.png,3
b0516462-1.png,7
b0516475-2.png,0
b0544627-3.png,5
b0532476-3.png,7
b0537874-3.png,7
b0513215-2.png,5
b0526955-3.png,5
b0515636-3.png,0
b0529224-4.png,7
b0248063-1.png,5
b0217161-3.png,2
b0532889-1.png,3
b0526720-1.png,7
b0519218-3.png,5
b0538103-2.png,2
b0547006-4.png,0
b0535793-3.png,2
b0505014-2.png,2
b0515381-1.png,2
b0511851-4.png,0
b0546064-3.png,2
b0525897-2.png,7
b0511172-3.png,2
b0537244-1.png,5
b0526653-1.png,2
b0520067-1.png,5
b0186275-3.png,2
b0185132-1.png,2
b0540278-2.png,2
b0540747-3.png,0
b0514510-2.png,2
b0512149-4.png,2
b0544234-1.png,0
b0194158-4.png,5
b0540726-2.png,5
b0232632-4.png,2
b0524164-4.png,5
b0540657-3.png,0
b0525138-3.png,5
b0528774-2.png,5
b0510838-4.png,2
b0198556-1.png,2
b0529119-1.png,2
b0219028-3.png,5
b0208077-4.png,2
b0523774-2.png,0
b0280217-2.png,2
b0530739-2.png,3
b0512996-2.png,2
b0507916-2.png,3
b0171528-4.png,2
b0290992-1.png,5
b0248038-2.png,2
b0510384-4.png,5
b0528289-2.png,5
b0514876-3.png,3
b0184333-2.png,2
b0543654-3.png,7
b0507602-4.png,7
b0528273-4.png,2
b0131614-2.png,5
b0530113-3.png,5
b0528940-2.png,5
b0515076-1.png,7
b0219301-1.png,2
b0513164-4.png,7
b0509258-4.png,5
b0534604-1.png,2
b0530283-4.png,5
b0504614-3.png,7
b0541750-3.png,7
b0176684-2.png,2
b0233833-1.png,2
b0508737-4.png,2
b0518898-4.png,2
b0512133-3.png,5
b0546467-2.png,5
b0176645-4.png,2
b0515387-4.png,5
b0516899-4.png,5
b0526475-4.png,7
b0505864-2.png,5
b0535140-4.png,2
b0516864-1.png,7
b0546110-1.png,2
b0528793-4.png,5
b0529835-4.png,5
b0508693-1.png,2
b0521861-3.png,2
b0252299-3.png,2
b0542224-1.png,0
b0540647-1.png,5
b0517198-1.png,2
b0545279-2.png,3
b0510170-1.png,5
b0520871-3.png,0
b0516804-1.png,2
b0519086-4.png,0
b0200441-3.png,5
b0511633-2.png,2
b0520072-3.png,2
b0518153-3.png,2
b0514704-1.png,5
b0527743-1.png,0
b0545094-3.png,2
b0516791-1.png,2
b0517788-3.png,2
b0508613-4.png,7
b0528858-3.png,3
b0536318-3.png,5
b0520252-4.png,5
b0512745-3.png,2
b0526371-3.png,0
b0177580-2.png,5
b0173935-1.png,2
b0505312-4.png,7
b0539851-1.png,7
b0533273-4.png,2
b0528667-1.png,2
b0538271-2.png,2
b0512904-1.png,2
b0526310-3.png,7
b0516390-2.png,5
b0532914-2.png,5
b0506888-1.png,5
b0510452-1.png,5
b0539202-2.png,5
b0524754-1.png,0
b0538776-4.png,7
b0526319-4.png,2
b0542413-3.png,2
b0536767-3.png,2
b0529322-3.png,2
b0543789-2.png,7
b0523202-2.png,3
b0534699-4.png,2
b0268732-3.png,2
b0522165-2.png,5
b0525319-2.png,5
b0541453-2.png,5
b0511331-2.png,5
b0538631-4.png,3
b0275227-2.png,5
b0528597-1.png,7
b0508598-1.png,0
b0235870-1.png,2
b0542215-1.png,0
b0545703-1.png,7
b0514077-3.png,0
b0518397-3.png,5
b0268691-1.png,2
b0541017-3.png,7
b0509118-2.png,2
b0228784-2.png,5
b0230120-3.png,2
b0528176-2.png,2
b0534339-2.png,5
b0529405-4.png,5
b0208040-1.png,2
b0204733-3.png,2
b0232183-3.png,2
b0543251-1.png,2
b0524954-3.png,7
b0169046-3.png,2
b0518641-4.png,2
b0545914-1.png,0
b0210240-1.png,5
b0530224-4.png,3
b0542152-4.png,3
b0530256-2.png,7
b0519788-4.png,3
b0261518-4.png,5
b0535327-4.png,5
b0506623-4.png,7
b0525197-4.png,5
b0194029-1.png,2
b0538312-3.png,3
b0545402-2.png,0
b0296776-3.png,5
b0527711-4.png,7
b0176830-4.png,5
b0257154-3.png,2
b0510868-1.png,2
b0515398-4.png,2
b0522353-4.png,2
b0537347-2.png,2
b0514971-2.png,2
b0527984-4.png,5
b0251633-3.png,2
b0533530-1.png,2
b0256750-4.png,2
b0519837-1.png,5
b0511105-4.png,0
b0527744-4.png,7
b0542179-2.png,7
b0529856-4.png,7
b0520921-3.png,7
b0507588-2.png,2
b0527269-4.png,5
b0526086-4.png,2
b0173455-2.png,5
b0533670-4.png,7
b0520318-3.png,0
b0506195-4.png,5
b0516866-1.png,0
b0507462-1.png,5
b0505800-4.png,5
b0519358-4.png,2
b0546343-1.png,2
b0542015-4.png,7
b0506015-4.png,0
b0506847-4.png,5
b0514108-4.png,2
b0166209-2.png,5
b0542817-3.png,0
b0541712-1.png,2
b0546790-3.png,0
b0505191-3.png,5
b0523093-1.png,0
b0218418-1.png,2
b0507300-2.png,5
b0519210-1.png,5
b0517033-2.png,3
b0538561-4.png,2
b0536780-1.png,5
b0537676-3.png,7
b0546230-2.png,3
b0526546-3.png,0
b0517708-1.png,3
b0522955-4.png,7
b0533840-3.png,0
b0506036-2.png,2
b0513249-4.png,2
b0529437-3.png,2
b0510562-2.png,2
b0534164-2.png,2
b0526472-3.png,7
b0504687-1.png,0
b0543912-2.png,0
b0523830-2.png,7
b0516759-4.png,2
b0546073-2.png,5
b0529139-3.png,2
b0511087-1.png,0
b0520041-2.png,5
b0515855-1.png,7
b0518148-1.png,5
b0542335-2.png,7
b0284859-2.png,5
b0538969-3.png,5
b0505272-3.png,2
b0534253-3.png,5
b0543000-1.png,5
b0531510-4.png,2
b0541502-2.png,7
b0547261-3.png,0
b0518665-3.png,5
b0510192-4.png,5
b0520982-4.png,5
b0537064-1.png,2
b0518360-1.png,7
b0539440-1.png,7
b0298097-2.png,5
b0232490-4.png,5
b0507028-4.png,2
b0536165-1.png,0
b0505006-3.png,5
b0542401-3.png,5
b0174854-3.png,5
b0515637-4.png,3
b0515647-1.png,5
b0518718-2.png,5
b0510025-2.png,2
b0543836-3.png,2
b0517973-3.png,3
b0524699-4.png,5
b0533369-3.png,7
b0540431-2.png,7
b0513537-1.png,3
b0525736-3.png,0
b0505344-3.png,0
b0525006-4.png,5
b0246419-2.png,2
b0519702-3.png,2
b0542653-3.png,5
b0510424-3.png,2
b0168505-2.png,2
b0541854-4.png,5
b0545954-1.png,2
b0533471-4.png,0
b0530571-3.png,7
b0198617-2.png,5
b0535342-3.png,5
b0538302-2.png,2
b0516062-3.png,0
b0505442-1.png,2
b0507277-4.png,2
b0509059-2.png,5
b0178105-4.png,2
b0514154-2.png,5
b0514771-3.png,5
b0531000-4.png,0
b0529875-4.png,5
b0196854-1.png,2
b0527226-4.png,0
b0292173-3.png,2
b0511232-3.png,3
b0524569-4.png,5
b0262505-4.png,5
b0542585-2.png,2
b0510533-4.png,2
b0505470-4.png,2
b0166303-3.png,2
b0518557-4.png,7
b0508563-1.png,0
b0526229-4.png,5
b0525224-2.png,5
b0523653-3.png,0
b0509261-2.png,5
b0505737-3.png,7
b0507942-2.png,5
b0530791-1.png,2
b0531016-2.png,2
b0528156-3.png,0
b0200471-1.png,5
b0540558-1.png,7
b0528062-3.png,2
b0541826-3.png,5
b0504636-4.png,2
b0506556-1.png,5
b0533863-3.png,5
b0296722-1.png,2
b0536530-3.png,2
b0537698-4.png,0
b0542084-2.png,2
b0539192-2.png,0
b0262010-2.png,5
b0508092-3.png,2
b0294431-3.png,5
b0530838-1.png,7
b0168741-3.png,2
b0147214-3.png,5
b0193101-3.png,2
b0512160-3.png,2
b0522660-2.png,2
b0533604-3.png,7
b0537442-4.png,7
b0535118-4.png,5
b0505900-4.png,0
b0547349-1.png,0
b0509056-1.png,7
b0532460-3.png,3
b0509371-2.png,0
b0543615-3.png,0
b0538178-1.png,2
b0526136-3.png,0
b0538507-1.png,0
b0524106-4.png,0
b0527690-2.png,5
b0510561-1.png,7
b0251571-4.png,2
b0217929-1.png,2
b0522001-4.png,0
b0524935-3.png,5
b0508824-2.png,5
b0525584-1.png,2
b0546186-3.png,2
b0275892-2.png,2
b0531947-2.png,5
b0510151-2.png,2
b0544118-3.png,0
b0183829-1.png,2
b0535950-1.png,2
b0522977-4.png,0
b0534330-3.png,0
b0184062-4.png,2
b0536146-2.png,3
b0171374-1.png,2
b0523752-3.png,3
b0517415-3.png,5
b0525537-1.png,0
b0504782-4.png,5
b0527971-2.png,2
b0509300-3.png,2
b0530561-4.png,5
b0519012-3.png,5
b0546225-2.png,2
b0521200-3.png,0
b0539646-2.png,0
b0517610-2.png,5
b0532174-2.png,2
b0535826-4.png,2
b0196297-1.png,2
b0531677-4.png,2
b0261100-2.png,5
b0513457-1.png,2
b0247587-4.png,2
b0540196-3.png,0
b0506757-3.png,2
b0207770-2.png,2
b0538546-4.png,0
b0532692-3.png,5
b0509515-4.png,7
b0504942-4.png,5
b0198230-4.png,5
b0543527-1.png,6
b0546966-2.png,5
b0507602-1.png,7
b0527739-4.png,3
b0521979-4.png,5
b0532603-1.png,3
b0539547-1.png,0
b0203333-2.png,2
b0524347-2.png,3
b0531125-1.png,2
b0540602-4.png,2
b0546309-3.png,2
b0513368-3.png,5
b0540949-4.png,0
b0539835-3.png,5
b0518422-2.png,7
b0519439-4.png,2
b0208568-2.png,2
b0540274-3.png,2
b0544377-3.png,5
b0541491-3.png,0
b0511501-1.png,2
b0200348-1.png,2
b0527671-1.png,5
b0535481-2.png,0
b0522618-4.png,0
b0179068-4.png,2
b0528911-3.png,2
b0532100-2.png,5
b0197130-1.png,2
b0509213-4.png,5
b0535102-3.png,7
b0520282-1.png,5
b0266670-4.png,2
b0544725-1.png,0
b0514815-2.png,3
b0193861-1.png,5
b0539994-2.png,2
b0173700-3.png,5
b0519526-1.png,5
b0522521-2.png,5
b0519156-1.png,2
b0506747-3.png,5
b0254159-2.png,2
b0545292-3.png,3
b0525058-3.png,2
b0172543-2.png,2
b0544115-3.png,7
b0522904-2.png,7
b0536898-4.png,5
b0546072-4.png,5
b0516117-1.png,3
b0282580-3.png,2
b0538658-2.png,3
b0513399-4.png,7
b0518025-3.png,0
b0506677-3.png,7
b0297458-4.png,5
b0540504-4.png,7
b0226348-2.png,2
b0532130-1.png,5
b0519406-3.png,2
b0525421-1.png,3
b0511716-1.png,2
b0530548-3.png,2
b0187866-2.png,5
b0518762-4.png,2
b0531855-2.png,5
b0529550-1.png,2
b0547384-2.png,5
b0512215-4.png,5
b0222785-1.png,2
b0524535-4.png,2
b0540298-2.png,2
b0521809-4.png,3
b0292935-4.png,2
b0246691-4.png,2
b0542667-2.png,2
b0539095-4.png,2
b0510578-3.png,5
b0539875-2.png,2
b0535564-3.png,2
b0514052-2.png,5
b0544515-4.png,7
b0504888-4.png,5
b0533722-1.png,0
b0531565-2.png,5
b0520694-4.png,5
b0251992-2.png,2
b0534337-1.png,0
b0533913-2.png,5
b0256363-4.png,2
b0506120-4.png,2
b0522055-3.png,0
b0518184-2.png,2
b0508599-1.png,7
b0543833-4.png,7
b0505703-3.png,2
b0221166-2.png,2
b0512089-4.png,7
b0536461-1.png,7
b0191972-3.png,2
b0507580-2.png,7
b0529645-3.png,0
b0517926-4.png,5
b0176380-2.png,2
b0514420-4.png,2
b0179636-2.png,5
b0511854-4.png,5
b0259814-3.png,5
b0295761-2.png,2
b0511254-1.png,7
b0529854-3.png,5
b0527421-2.png,0
b0524164-3.png,5
b0523155-4.png,3
b0518319-2.png,3
b0525421-3.png,2
b0540934-1.png,2
b0177108-3.png,2
b0546709-3.png,2
b0512048-4.png,5
b0223030-3.png,5
b0530314-3.png,5
b0205994-3.png,5
b0529271-3.png,7
b0521343-3.png,5
b0141346-3.png,2
b0546195-3.png,2
b0505896-4.png,5
b0532033-1.png,0
b0199238-2.png,5
b0513090-2.png,5
b0546013-1.png,0
b0516520-2.png,3
b0542045-1.png,2
b0532710-4.png,7
b0509852-4.png,2
b0530832-4.png,7
b0517671-4.png,2
b0510226-4.png,7
b0291842-1.png,5
b0176547-3.png,2
b0527879-1.png,7
b0197521-2.png,5
b0539510-1.png,7
b0542805-4.png,0
b0532932-1.png,2
b0523644-1.png,0
b0514238-4.png,5
b0544266-1.png,7
b0510114-1.png,2
b0281290-2.png,5
b0512647-2.png,2
b0515540-1.png,2
b0539276-2.png,2
b0509828-1.png,2
b0514298-4.png,3
b0529788-2.png,6
b0543189-3.png,3
b0540330-4.png,0
b0542225-1.png,3
b0528639-1.png,0
b0514265-1.png,5
b0521581-3.png,5
b0531894-2.png,5
b0508546-3.png,7
b0537992-4.png,0
b0534470-1.png,2
b0267358-1.png,2
b0507499-1.png,0
b0513553-2.png,3
b0516643-4.png,5
b0529007-4.png,0
b0534583-1.png,5
b0518378-4.png,5
b0526532-1.png,5
b0191880-4.png,2
b0173784-1.png,2
b0521742-2.png,2
b0507299-2.png,2
b0251548-4.png,2
b0525580-1.png,5
b0505236-3.png,0
b0538788-3.png,2
b0535000-4.png,2
b0288313-2.png,2
b0535764-4.png,5
b0505079-4.png,2
b0199784-3.png,2
b0516886-2.png,7
b0532065-4.png,2
b0511994-4.png,7
b0510984-1.png,0
b0521588-4.png,3
b0544277-1.png,5
b0289742-3.png,5
b0517966-1.png,5
b0520415-4.png,5
b0544468-4.png,0
b0515203-1.png,0
b0538819-1.png,2
b0296764-2.png,5
b0220309-4.png,2
b0517648-2.png,5
b0176684-1.png,2
b0536875-4.png,5
b0543191-1.png,3
b0519637-3.png,5
b0535214-3.png,5
b0176769-2.png,2
b0515639-2.png,5
b0181379-2.png,2
b0249775-3.png,5
b0260509-2.png,2
b0538616-1.png,2
b0523914-3.png,7
b0530561-3.png,5
b0520276-1.png,7
b0519640-2.png,5
b0541359-4.png,3
b0536550-2.png,2
b0528518-1.png,7
b0504625-1.png,2
b0526108-3.png,5
b0519438-2.png,2
b0510729-4.png,2
b0536026-4.png,5
b0538438-2.png,2
b0523456-2.png,7
b0257995-1.png,2
b0512106-1.png,2
b0536315-3.png,2
b0538556-4.png,0
b0522705-3.png,0
b0248434-2.png,5
b0510957-2.png,7
b0543420-4.png,2
b0534441-2.png,2
b0543838-2.png,7
b0514264-1.png,5
b0528826-4.png,2
b0252339-2.png,5
b0546931-1.png,7
b0511613-3.png,5
b0507494-1.png,3
b0535703-4.png,5
b0250204-4.png,2
b0543111-3.png,7
b0517332-4.png,5
b0531764-3.png,5
b0539892-4.png,3
b0531189-3.png,2
b0531230-1.png,2
b0528821-4.png,0
b0529297-4.png,5
b0520832-2.png,2
b0532293-4.png,2
b0541019-1.png,3
b0535667-1.png,2
b0094616-2.png,2
b0519461-4.png,5
b0535468-4.png,5
b0526492-3.png,2
b0540688-4.png,5
b0533370-1.png,7
b0532635-4.png,5
b0507750-4.png,5
b0543015-3.png,0
b0511206-2.png,7
b0217119-1.png,5
b0512748-1.png,7
b0168012-3.png,5
b0506795-2.png,5
b0520301-4.png,0
b0539132-2.png,5
b0541408-2.png,0
b0515717-2.png,2
b0546478-3.png,2
b0527783-1.png,0
b0262129-1.png,2
b0507171-3.png,2
b0229112-1.png,2
b0247587-2.png,2
b0541544-2.png,0
b0516495-3.png,3
b0257051-3.png,5
b0519944-3.png,5
b0528159-2.png,7
b0520937-1.png,7
b0538661-1.png,0
b0517685-1.png,3
b0508455-4.png,7
b0544315-2.png,2
b0528685-2.png,5
b0538039-1.png,0
b0528536-3.png,7
b0521694-2.png,7
b0296225-2.png,2
b0537865-4.png,5
b0231623-1.png,2
b0524167-3.png,2
b0176684-4.png,2
b0537214-2.png,7
b0535531-2.png,5
b0506511-2.png,7
b0529012-2.png,0
b0514891-1.png,2
b0514693-1.png,0
b0520355-1.png,7
b0525879-2.png,5
b0511570-2.png,7
b0544451-4.png,0
b0530412-4.png,7
b0519002-2.png,7
b0517345-4.png,0
b0544850-3.png,5
b0544953-2.png,2
b0516611-1.png,7
b0539540-1.png,0
b0526602-4.png,7
b0514748-2.png,7
b0511956-4.png,0
b0535057-2.png,2
b0526143-2.png,7
b0534019-4.png,5
b0532108-2.png,7
b0533410-4.png,5
b0506322-2.png,5
b0546701-3.png,2
b0538232-3.png,7
b0539553-1.png,0
b0534869-4.png,5
b0505454-3.png,0
b0545962-1.png,7
b0537638-1.png,2
b0543933-2.png,5
b0533772-4.png,7
b0532607-2.png,3
b0508718-3.png,2
b0516039-2.png,0
b0539218-2.png,3
b0506943-4.png,7
b0533181-2.png,2
b0518348-3.png,3
b0506944-1.png,5
b0513082-3.png,7
b0507310-2.png,2
b0525545-2.png,7
b0535340-1.png,5
b0524415-2.png,7
b0539535-1.png,7
b0513660-3.png,5
b0250954-4.png,2
b0521231-1.png,7
b0512368-2.png,0
b0513974-1.png,7
b0542725-4.png,3
b0530503-4.png,5
b0517645-4.png,0
b0529815-2.png,7
b0507493-1.png,3
b0544297-1.png,0
b0516493-4.png,3
b0514148-4.png,5
b0247146-4.png,2
b0542797-4.png,7
b0507660-3.png,2
b0536793-2.png,7
b0524282-1.png,7
b0518972-4.png,5
b0536246-3.png,5
b0219221-2.png,2
b0185833-1.png,2
b0532277-3.png,5
b0508010-3.png,5
b0513705-2.png,5
b0524604-1.png,3
b0282332-4.png,2
b0542224-4.png,0
b0538006-1.png,5
b0542148-1.png,3
b0520670-2.png,5
b0509341-1.png,7
b0515560-2.png,5
b0525368-3.png,7
b0530221-2.png,2
b0538241-1.png,0
b0534130-1.png,7
b0532101-4.png,3
b0235436-3.png,5
b0297741-3.png,5
b0506741-3.png,5
b0540961-2.png,5
b0544444-2.png,0
b0539487-1.png,5
b0534332-1.png,0
b0166403-2.png,2
b0515877-2.png,5
b0507070-4.png,5
b0521958-2.png,0
b0531021-3.png,7
b0532151-1.png,2
b0518866-3.png,2
b0529097-1.png,7
b0546437-1.png,2
b0511876-4.png,7
b0531614-4.png,2
b0517521-4.png,5
b0540246-1.png,7
b0524147-2.png,0
b0517855-2.png,5
b0171205-2.png,2
b0523874-2.png,7
b0514958-4.png,5
b0505204-4.png,5
b0505038-4.png,2
b0186374-1.png,2
b0505275-2.png,7
b0296476-3.png,5
b0094395-3.png,2
b0525128-2.png,5
b0531691-2.png,2
b0199595-3.png,2
b0527324-2.png,5
b0511748-4.png,0
b0523817-3.png,3
b0533895-2.png,0
b0542048-4.png,2
b0540403-3.png,0
b0510161-2.png,2
b0527180-4.png,5
b0539571-1.png,7
b0240006-3.png,2
b0505247-3.png,7
b0253336-4.png,2
b0528739-4.png,0
b0536901-4.png,2
b0505469-1.png,7
b0538255-2.png,0
b0526147-3.png,5
b0537140-4.png,2
b0536679-1.png,2
b0532634-1.png,2
b0199169-1.png,5
b0529071-1.png,0
b0250921-3.png,5
b0530744-1.png,7
b0525389-3.png,2
b0528726-3.png,2
b0538316-2.png,7
b0528228-3.png,0
b0541807-1.png,2
b0539333-4.png,2
b0543776-4.png,2
b0508950-4.png,7
b0171853-3.png,2
b0514694-1.png,7
b0520141-3.png,7
b0509477-1.png,2
b0251586-1.png,2
b0505331-2.png,2
b0534085-2.png,0
b0533517-1.png,0
b0536806-3.png,5
b0539736-2.png,3
b0507528-1.png,2
b0535949-2.png,2
b0526219-3.png,2
b0527739-3.png,3
b0513645-3.png,5
b0540791-4.png,0
b0521776-3.png,2
b0540288-2.png,7
b0512084-4.png,5
b0530453-2.png,0
b0172895-1.png,2
b0531398-4.png,2
b0537021-4.png,2
b0510270-4.png,2
b0544215-2.png,5
b0247214-2.png,2
b0102938-2.png,2
b0539426-2.png,2
b0546859-3.png,0
b0536074-1.png,2
b0299733-1.png,2
b0509928-1.png,5
b0523232-4.png,7
b0508847-1.png,5
b0530242-3.png,5
b0515830-4.png,7
b0171848-4.png,2
b0537556-4.png,2
b0192215-3.png,2
b0532602-3.png,3
b0509459-1.png,0
b0544873-3.png,2
b0517775-4.png,2
b0256433-4.png,2
b0512327-4.png,0
b0508786-2.png,7
b0538149-4.png,2
b0513580-3.png,2
b0523493-3.png,7
b0517370-3.png,2
b0505462-4.png,5
b0539358-1.png,2
b0295246-2.png,2
b0510660-3.png,2
b0523500-3.png,0
b0523777-3.png,5
b0523311-4.png,0
b0173419-1.png,2
b0540958-3.png,0
b0520034-3.png,7
b0530992-2.png,2
b0180205-2.png,2
b0517576-3.png,0
b0508536-1.png,0
b0525447-2.png,3
b0523770-3.png,0
b0539334-3.png,2
b0507133-1.png,0
b0513841-3.png,0
b0539103-1.png,7
b0512060-3.png,5
b0510995-4.png,5
b0514782-4.png,2
b0529453-1.png,7
b0529562-4.png,2
b0541697-1.png,2
b0538745-2.png,7
b0244983-4.png,2
b0539123-2.png,0
b0539802-4.png,7
b0296759-2.png,2
b0523538-1.png,2
b0526106-2.png,2
b0539742-3.png,2
b0529827-4.png,7
b0219305-4.png,2
b0527232-3.png,2
b0529447-4.png,2
b0297459-4.png,2
b0505656-4.png,2
b0539698-4.png,7
b0538322-2.png,0
b0534053-2.png,2
b0538271-2.png,2
b0520484-1.png,2
b0197577-3.png,2
b0536059-4.png,6
b0522646-1.png,3
b0525439-4.png,3
b0527977-3.png,2
b0513057-4.png,2
b0526026-3.png,2
b0534287-4.png,0
b0519638-1.png,5
b0529854-1.png,5
b0507839-3.png,7
b0515907-1.png,5
b0535143-4.png,5
b0520389-4.png,5
b0525663-3.png,7
b0094126-2.png,5
b0513220-1.png,0
b0530385-2.png,0
b0546850-2.png,7
b0189600-2.png,2
b0525049-3.png,2
b0526245-2.png,5
b0525567-1.png,2
b0545893-3.png,2
b0541518-4.png,0
b0547217-4.png,2
b0523105-3.png,7
b0512657-4.png,5
b0507682-4.png,7
b0522563-1.png,2
b0521813-4.png,2
b0517404-2.png,5
b0506047-2.png,2
b0194600-1.png,2
b0171863-3.png,2
b0531604-4.png,5
b0508745-2.png,3
b0536701-4.png,7
b0532602-2.png,3
b0521981-2.png,2
b0532708-2.png,2
b0210269-3.png,2
b0522498-3.png,2
b0514649-2.png,2
b0527654-4.png,5
b0521122-1.png,2
b0535743-4.png,2
b0534901-4.png,0
b0520057-2.png,7
b0526078-2.png,0
b0541245-3.png,2
b0516481-3.png,0
b0539873-4.png,0
b0527080-4.png,2
b0515115-2.png,5
b0520770-3.png,5
b0536584-1.png,2
b0538614-1.png,2
b0524440-4.png,5
b0296669-4.png,2
b0507530-3.png,5
b0513034-3.png,3
b0504860-2.png,0
b0207190-1.png,5
b0250755-3.png,2
b0518855-1.png,5
b0539073-4.png,5
b0191775-4.png,2
