model_name,number_convs,kernel_size,channels_per_conv,feature_vector_size,learning_rate,fully_connected_layers,units_per_layer,train_loss_mean,train_loss_best,val_loss_mean,val_loss_best,val_acc_mean,val_acc_best
ncb_2-ks_5-nf_32-fvs_10-lr_0.001-mlp_hl_2-mlp_hu_64,2,5,32,10,0.001,2,64,0.0175036898814141,0.0061483839526772,0.0197093069553375,0.0126103451475501,0.994080412387848,0.997407
ncb_2-ks_5-nf_64-fvs_10-lr_0.001-mlp_hl_2-mlp_hu_64,2,5,64,10,0.001,2,64,0.0351936438120901,0.0056204618886113,0.0262115440331399,0.0154807893559336,0.9938408970832824,0.9962360858917236
ncb_2-ks_5-nf_128-fvs_10-lr_0.001-mlp_hl_2-mlp_hu_64,2,5,128,10,0.001,2,64,0.0185927147511392,0.0056156213395297,0.0169125917367637,0.0125349396839737,0.9939948678016662,0.9962360858917236
ncb_2-ks_5-nf_16-fvs_30-lr_0.001-mlp_hl_2-mlp_hu_64,2,5,16,30,0.001,2,64,0.014787912229076,0.0042513594962656,0.0367985362187027,0.019171493127942,0.9931394457817078,0.9960650205612184
ncb_2-ks_5-nf_64-fvs_20-lr_0.001-mlp_hl_2-mlp_hu_64,2,5,64,20,0.001,2,64,0.0169350877520628,0.0008689855458214,0.0307007933035492,0.0158712603151798,0.9940804064273834,0.9958939552307128
ncb_2-ks_5-nf_128-fvs_30-lr_0.001-mlp_hl_2-mlp_hu_64,2,5,128,30,0.001,2,64,0.0253084011375904,0.0078415879979729,0.0447678240016102,0.0204456970095634,0.9927801489830016,0.9958939552307128
ncb_1-ks_5-nf_32-fvs_30-lr_0.001-mlp_hl_2-mlp_hu_64,1,5,32,30,0.001,2,64,0.0172595396172255,0.0052159028127789,0.0284382029436528,0.0140728140249848,0.992301106452942,0.9957228302955629
ncb_2-ks_5-nf_16-fvs_20-lr_0.001-mlp_hl_2-mlp_hu_64,2,5,16,20,0.001,2,64,0.0149399969261139,0.0069817318581044,0.0367040835320949,0.019542459398508,0.9925577461719512,0.9957228302955629
ncb_2-ks_7-nf_128-fvs_10-lr_0.001-mlp_hl_2-mlp_hu_64,2,7,128,10,0.001,2,64,0.0296777183189988,0.0128700770437717,0.0374419469386339,0.0178276691585779,0.9929170191287996,0.9955517649650574
ncb_3-ks_9-nf_16-fvs_20-lr_0.001-mlp_hl_2-mlp_hu_64,3,9,16,20,0.001,2,64,0.0413315656594932,0.0137042934074997,0.0394737265072763,0.0136974668130278,0.9928999066352844,0.9955517649650574
ncb_2-ks_9-nf_128-fvs_30-lr_0.001-mlp_hl_2-mlp_hu_64,2,9,128,30,0.001,2,64,0.082579574175179,0.0292152035981416,0.0648790622130036,0.0137789137661457,0.9905389189720154,0.9953806400299072
ncb_2-ks_3-nf_16-fvs_10-lr_0.001-mlp_hl_2-mlp_hu_64,2,3,16,10,0.001,2,64,0.0174471971542516,4.122044629184529e-05,0.0591360420919954,0.0151498038321733,0.9924722015857697,0.9953806400299072
ncb_1-ks_9-nf_32-fvs_10-lr_0.001-mlp_hl_2-mlp_hu_64,1,9,32,10,0.001,2,64,0.0173891095502767,0.0004561724490486,0.0403959864750504,0.0205819848924875,0.9914970099925996,0.9953806400299072
ncb_2-ks_7-nf_128-fvs_20-lr_0.001-mlp_hl_2-mlp_hu_64,2,7,128,20,0.001,2,64,0.0277232932858169,0.0114735187962651,0.0446770782582461,0.014586660079658,0.9898716866970062,0.995209574699402
ncb_2-ks_5-nf_32-fvs_30-lr_0.001-mlp_hl_2-mlp_hu_64,2,5,32,30,0.001,2,64,0.0142731202766299,0.0056287660263478,0.0335593851283192,0.0182368084788322,0.993019676208496,0.995209574699402
ncb_1-ks_3-nf_16-fvs_10-lr_0.0001-mlp_hl_4-mlp_hu_128,1,3,16,10,0.0001,4,128,0.0354920029640197,0.0109705282375216,0.0280049538239836,0.0178006161004304,0.9922839939594268,0.995209574699402
ncb_2-ks_5-nf_64-fvs_30-lr_0.001-mlp_hl_2-mlp_hu_64,2,5,64,30,0.001,2,64,0.0247228316962718,0.0080141890794038,0.0404250163584947,0.0200941823422908,0.992643290758133,0.995209574699402
ncb_2-ks_9-nf_64-fvs_10-lr_0.001-mlp_hl_2-mlp_hu_64,2,9,64,10,0.001,2,64,0.0366901215165853,0.0126675870269536,0.0464305188506841,0.018867002800107,0.9924550890922548,0.995209574699402
ncb_1-ks_9-nf_32-fvs_30-lr_0.001-mlp_hl_2-mlp_hu_64,1,9,32,30,0.001,2,64,0.0162035141664091,0.0003928808146156,0.0592316105961799,0.0178546905517578,0.9911890506744384,0.9950385093688964
ncb_2-ks_7-nf_128-fvs_30-lr_0.001-mlp_hl_2-mlp_hu_64,2,7,128,30,0.001,2,64,0.0212021377403289,0.0046456665731966,0.0490529857575893,0.0149028822779655,0.9911548376083374,0.9950385093688964
ncb_4-ks_2-nf_16-fvs_10-lr_0.001-mlp_hl_2-mlp_hu_64,4,2,16,10,0.001,2,64,0.0211869833001401,0.0004090261063538,0.0258584277704358,0.015564702451229,0.993584257364273,0.9950385093688964
ncb_2-ks_5-nf_128-fvs_20-lr_0.001-mlp_hl_2-mlp_hu_64,2,5,128,20,0.001,2,64,0.0308253103867173,0.009114334359765,0.0331375187262892,0.0191049929708242,0.9931736648082732,0.9950385093688964
ncb_2-ks_7-nf_32-fvs_20-lr_0.001-mlp_hl_2-mlp_hu_64,2,7,32,20,0.001,2,64,0.0523761206306517,0.0077292546629905,0.0218835014849901,0.0171306431293487,0.9926261663436888,0.9948673844337464
ncb_2-ks_5-nf_32-fvs_20-lr_0.001-mlp_hl_2-mlp_hu_64,2,5,32,20,0.001,2,64,0.0188693346921354,0.0046937852166593,0.0259446840733289,0.0153299607336521,0.9931223213672636,0.9948673844337464
ncb_2-ks_7-nf_16-fvs_30-lr_0.001-mlp_hl_2-mlp_hu_64,2,7,16,30,0.001,2,64,0.0224166434258222,0.010189170949161,0.0347611811012029,0.0200766734778881,0.9920444786548616,0.994696319103241
ncb_3-ks_9-nf_128-fvs_10-lr_0.001-mlp_hl_2-mlp_hu_64,3,9,128,10,0.001,2,64,15.138918026164172,0.0375719293951988,15.215314338356256,0.0326916798949241,0.8402224153280258,0.994696319103241
ncb_3-ks_7-nf_16-fvs_10-lr_0.001-mlp_hl_2-mlp_hu_64,3,7,16,10,0.001,2,64,0.0297278879210352,0.0093608312308788,0.0283578410744667,0.0168354883790016,0.9920958161354064,0.994696319103241
ncb_1-ks_3-nf_16-fvs_10-lr_0.0001-mlp_hl_3-mlp_hu_128,1,3,16,10,0.0001,3,128,0.0359183602035045,0.0139898229390382,0.0385857068002224,0.0165114626288414,0.9877331018447876,0.994696319103241
ncb_3-ks_9-nf_32-fvs_10-lr_0.001-mlp_hl_2-mlp_hu_64,3,9,32,10,0.001,2,64,0.0414288480766117,0.0078563159331679,0.0401528319343924,0.0202461518347263,0.9889820396900176,0.994696319103241
ncb_4-ks_3-nf_16-fvs_10-lr_0.001-mlp_hl_2-mlp_hu_64,4,3,16,10,0.001,2,64,0.0163007564464351,0.0003426045004744,0.0504510512575507,0.0216533094644546,0.9908810913562774,0.994696319103241
ncb_1-ks_5-nf_128-fvs_20-lr_0.001-mlp_hl_2-mlp_hu_64,1,5,128,20,0.001,2,64,0.0137584023672388,0.000240866880631,0.0795693071559071,0.021515667438507,0.992403769493103,0.9945252537727356
ncb_2-ks_9-nf_64-fvs_20-lr_0.001-mlp_hl_2-mlp_hu_64,2,9,64,20,0.001,2,64,0.0224632582627236,0.0042939870618283,0.0470657341182231,0.0373308733105659,0.9918733954429626,0.9945252537727356
ncb_1-ks_9-nf_64-fvs_10-lr_0.001-mlp_hl_2-mlp_hu_64,1,9,64,10,0.001,2,64,0.017755181947723,0.0072510470636188,0.045868282392621,0.0175454299896955,0.9925919651985168,0.9945252537727356
ncb_1-ks_3-nf_16-fvs_10-lr_0.001-mlp_hl_3-mlp_hu_256,1,3,16,10,0.001,3,256,0.0250688102212734,0.0018515581032261,0.0827616054564714,0.0293981470167636,0.979247224330902,0.9945252537727356
ncb_1-ks_3-nf_16-fvs_10-lr_0.001-mlp_hl_1-mlp_hu_32,1,3,16,10,0.001,1,32,0.0155917763320758,4.513918611337431e-05,0.0353023000061512,0.0197840929031372,0.9923182189464568,0.9945252537727356
ncb_3-ks_9-nf_16-fvs_30-lr_0.001-mlp_hl_2-mlp_hu_64,3,9,16,30,0.001,2,64,0.0416848730295896,0.0196491908282041,0.0581795437261462,0.025713887065649,0.9902138590812684,0.9945252537727356
ncb_1-ks_3-nf_32-fvs_20-lr_0.001-mlp_hl_2-mlp_hu_64,1,3,32,20,0.001,2,64,0.0191743933886755,0.0004518945352174,0.0515457637608051,0.0222082752734422,0.9915483295917512,0.9943541288375854
ncb_2-ks_7-nf_64-fvs_30-lr_0.001-mlp_hl_2-mlp_hu_64,2,7,64,30,0.001,2,64,0.0261698422022163,0.0089473510161042,0.0371436573565006,0.0191377196460962,0.9910521805286407,0.9943541288375854
ncb_2-ks_7-nf_32-fvs_30-lr_0.001-mlp_hl_2-mlp_hu_64,2,7,32,30,0.001,2,64,0.019420463219285,0.0057643940672278,0.0250063458457589,0.0197791438549757,0.9925577402114868,0.9943541288375854
ncb_1-ks_7-nf_64-fvs_10-lr_0.001-mlp_hl_2-mlp_hu_64,1,7,64,10,0.001,2,64,0.0120305459684459,0.000300630548736,0.0425284365192055,0.0211583562195301,0.992335331439972,0.9943541288375854
ncb_1-ks_3-nf_16-fvs_10-lr_0.0001-mlp_hl_3-mlp_hu_256,1,3,16,10,0.0001,3,256,0.0297008775174617,0.0148742673918604,0.0421888545155525,0.017360346391797,0.9847562074661256,0.9943541288375854
ncb_3-ks_5-nf_16-fvs_10-lr_0.001-mlp_hl_2-mlp_hu_64,3,5,16,10,0.001,2,64,0.0206125803757458,0.0072748470120131,0.0269963772036135,0.0142491282895207,0.9928828060626984,0.9943541288375854
ncb_2-ks_7-nf_32-fvs_10-lr_0.001-mlp_hl_2-mlp_hu_64,2,7,32,10,0.001,2,64,0.0270951376296579,0.0095915915444493,0.0501481290906667,0.0245881378650665,0.989563739299774,0.9943541288375854
ncb_2-ks_7-nf_64-fvs_10-lr_0.001-mlp_hl_2-mlp_hu_64,2,7,64,10,0.001,2,64,0.0192965106572955,0.0059485840611159,0.0786622932180762,0.0202244594693183,0.9916509866714478,0.9943541288375854
ncb_4-ks_5-nf_16-fvs_10-lr_0.001-mlp_hl_2-mlp_hu_64,4,5,16,10,0.001,2,64,0.0341623730491846,0.0053140521049499,0.053707324527204,0.0217312406748533,0.991171944141388,0.9943541288375854
ncb_3-ks_3-nf_16-fvs_10-lr_0.001-mlp_hl_2-mlp_hu_64,3,3,16,10,0.001,2,64,0.0136362490942701,0.0024896927643567,0.0674623379483819,0.0242665112018585,0.9923524379730224,0.9943541288375854
ncb_4-ks_9-nf_32-fvs_20-lr_0.001-mlp_hl_2-mlp_hu_64,4,9,32,20,0.001,2,64,0.1234181234613061,0.0240116026252508,0.0713369976729154,0.0456155203282833,0.9875106990337372,0.99418306350708
ncb_4-ks_7-nf_16-fvs_10-lr_0.001-mlp_hl_2-mlp_hu_64,4,7,16,10,0.001,2,64,0.0295241788960993,0.0146730067208409,0.0423085276037454,0.0185943804681301,0.9866894721984864,0.99418306350708
ncb_1-ks_9-nf_64-fvs_20-lr_0.001-mlp_hl_2-mlp_hu_64,1,9,64,20,0.001,2,64,0.0182357623707503,0.0040492387488484,0.0423751112073659,0.0211639627814292,0.9922326803207396,0.99418306350708
ncb_1-ks_9-nf_16-fvs_10-lr_0.001-mlp_hl_2-mlp_hu_64,1,9,16,10,0.001,2,64,0.019143969961442,0.0034019250888377,0.0345990281552076,0.0210013575851917,0.992951238155365,0.99418306350708
ncb_1-ks_7-nf_32-fvs_20-lr_0.001-mlp_hl_2-mlp_hu_64,1,7,32,20,0.001,2,64,0.0128807145752944,0.0005886461003683,0.0534069299697875,0.0238166768103837,0.991411465406418,0.99418306350708
ncb_1-ks_9-nf_16-fvs_30-lr_0.001-mlp_hl_2-mlp_hu_64,1,9,16,30,0.001,2,64,0.0182017723564058,0.0030055684037506,0.0465067122131586,0.0205974802374839,0.989700609445572,0.99418306350708
ncb_4-ks_9-nf_64-fvs_10-lr_0.001-mlp_hl_2-mlp_hu_64,4,9,64,10,0.001,2,64,0.1175190445035696,0.0387335494160652,0.0700752528384327,0.0242308247834444,0.9868776738643646,0.99418306350708
ncb_1-ks_5-nf_16-fvs_20-lr_0.001-mlp_hl_2-mlp_hu_64,1,5,16,20,0.001,2,64,0.0141754117968957,0.0003528619999997,0.0367266710847616,0.0163380168378353,0.9911035060882568,0.99418306350708
ncb_2-ks_9-nf_128-fvs_20-lr_0.001-mlp_hl_2-mlp_hu_64,2,9,128,20,0.001,2,64,0.0539040469564497,0.0145178334787487,0.0960388703271746,0.0252844113856554,0.9907613396644592,0.99418306350708
ncb_2-ks_9-nf_32-fvs_10-lr_0.001-mlp_hl_2-mlp_hu_64,2,9,32,10,0.001,2,64,0.0366991942282766,0.006986744236201,0.0553496332839131,0.0218441691249609,0.9905047059059144,0.9940119981765748
ncb_2-ks_9-nf_64-fvs_30-lr_0.001-mlp_hl_2-mlp_hu_64,2,9,64,30,0.001,2,64,0.0219285211060196,0.002483210992068,0.0370730325579643,0.0228423997759819,0.9920273840427398,0.9940119981765748
ncb_1-ks_3-nf_64-fvs_20-lr_0.001-mlp_hl_2-mlp_hu_64,1,3,64,20,0.001,2,64,0.0205657994301873,0.0001380593021167,0.0418831247836351,0.0231132078915834,0.9910521864891052,0.9940119981765748
ncb_1-ks_3-nf_16-fvs_10-lr_0.001-mlp_hl_1-mlp_hu_64,1,3,16,10,0.001,1,64,0.0305435647256672,0.0072201406583189,0.0349663153290748,0.0181400198489427,0.99029940366745,0.9940119981765748
ncb_1-ks_3-nf_16-fvs_10-lr_0.001-mlp_hl_3-mlp_hu_32,1,3,16,10,0.001,3,32,0.0173953361809253,0.0061065992340445,0.0361518207937479,0.0189689267426729,0.9916338741779328,0.9940119981765748
ncb_4-ks_9-nf_16-fvs_10-lr_0.001-mlp_hl_2-mlp_hu_64,4,9,16,10,0.001,2,64,0.0433710245415568,0.0208096429705619,0.0360934766009449,0.0209879167377948,0.9914456725120544,0.9938408732414246
ncb_2-ks_7-nf_16-fvs_10-lr_0.001-mlp_hl_2-mlp_hu_64,2,7,16,10,0.001,2,64,0.019103145878762,0.0046010660007596,0.0268248265609145,0.0176334306597709,0.991822075843811,0.9938408732414246
ncb_1-ks_3-nf_16-fvs_10-lr_0.0001-mlp_hl_2-mlp_hu_128,1,3,16,10,0.0001,2,128,0.0304321535862982,0.0127937849611043,0.033717798627913,0.0229815058410167,0.990350729227066,0.9938408732414246
ncb_1-ks_3-nf_16-fvs_10-lr_0.0001-mlp_hl_1-mlp_hu_128,1,3,16,10,0.0001,1,128,0.0289395924657583,0.0140396300703287,0.0358649607747793,0.0182801354676485,0.9863815128803252,0.9938408732414246
ncb_1-ks_9-nf_16-fvs_20-lr_0.001-mlp_hl_2-mlp_hu_64,1,9,16,20,0.001,2,64,0.013707245956175,0.0023475687485188,0.0458548694849014,0.0261026192456483,0.9911035120487212,0.9938408732414246
ncb_1-ks_7-nf_32-fvs_10-lr_0.001-mlp_hl_2-mlp_hu_64,1,7,32,10,0.001,2,64,0.019948277057847,0.0007206607260741,0.0731534862890839,0.0240530204027891,0.9897177040576934,0.9938408732414246
ncb_1-ks_3-nf_16-fvs_10-lr_0.0001-mlp_hl_4-mlp_hu_64,1,3,16,10,0.0001,4,64,0.0388843139633536,0.0180306192487478,0.0364583747461438,0.0217866003513336,0.9884687781333924,0.9938408732414246
ncb_4-ks_9-nf_16-fvs_30-lr_0.001-mlp_hl_2-mlp_hu_64,4,9,16,30,0.001,2,64,0.0386923141777515,0.0142799336463212,0.0318085918202996,0.0229087080806493,0.9919076144695282,0.9938408732414246
ncb_1-ks_7-nf_16-fvs_30-lr_0.001-mlp_hl_2-mlp_hu_64,1,7,16,30,0.001,2,64,0.0281913944520056,0.0081908898428082,0.036702780611813,0.0197550319135189,0.9921642422676088,0.9936698079109192
ncb_1-ks_5-nf_64-fvs_30-lr_0.001-mlp_hl_2-mlp_hu_64,1,5,64,30,0.001,2,64,0.014981769246151,3.3874875953188166e-05,0.0465079266577959,0.0199282113462686,0.9918220698833464,0.9936698079109192
ncb_1-ks_3-nf_64-fvs_10-lr_0.001-mlp_hl_2-mlp_hu_64,1,3,64,10,0.001,2,64,0.0186124204425141,0.0023149431217461,0.0457597753033042,0.0245931353420019,0.990915310382843,0.9936698079109192
ncb_2-ks_9-nf_32-fvs_20-lr_0.001-mlp_hl_2-mlp_hu_64,2,9,32,20,0.001,2,64,0.027762305480428,0.0032978481613099,0.0426241120323538,0.0240512955933809,0.9898203551769256,0.9936698079109192
ncb_1-ks_3-nf_16-fvs_10-lr_0.0001-mlp_hl_2-mlp_hu_32,1,3,16,10,0.0001,2,32,0.0369648395106196,0.0152513124048709,0.0436189582571387,0.0229382459074258,0.9868434548377992,0.9936698079109192
ncb_3-ks_9-nf_32-fvs_30-lr_0.001-mlp_hl_2-mlp_hu_64,3,9,32,30,0.001,2,64,0.0323153825476765,0.0187902059406042,0.0443951601162552,0.0252123903483152,0.9901625335216522,0.9936698079109192
ncb_1-ks_7-nf_32-fvs_30-lr_0.001-mlp_hl_2-mlp_hu_64,1,7,32,30,0.001,2,64,0.0260092316253576,0.0003832973889075,0.0584876151755452,0.0225381851196289,0.9895295202732086,0.9936698079109192
ncb_1-ks_7-nf_128-fvs_10-lr_0.001-mlp_hl_2-mlp_hu_64,1,7,128,10,0.001,2,64,0.0170096604037098,0.0003845616010949,0.041759748570621,0.0164934191852808,0.9918220698833464,0.9934987425804138
ncb_1-ks_5-nf_32-fvs_10-lr_0.001-mlp_hl_2-mlp_hu_64,1,5,32,10,0.001,2,64,0.0123386941850185,0.0009589825058355,0.0460230004042387,0.023724190890789,0.9920958042144776,0.9934987425804138
ncb_2-ks_7-nf_16-fvs_20-lr_0.001-mlp_hl_2-mlp_hu_64,2,7,16,20,0.001,2,64,0.0207216262351721,0.0068089566193521,0.0384701723232865,0.0219722464680671,0.99151411652565,0.9934987425804138
ncb_2-ks_9-nf_16-fvs_10-lr_0.001-mlp_hl_2-mlp_hu_64,2,9,16,10,0.001,2,64,0.023090622620657,0.0049956268630921,0.0406558576971292,0.0235689170658588,0.992130023241043,0.9934987425804138
ncb_1-ks_3-nf_128-fvs_10-lr_0.001-mlp_hl_2-mlp_hu_64,1,3,128,10,0.001,2,64,0.0152865223994012,0.0001382138580083,0.0809111006557941,0.0334323085844516,0.9899058938026428,0.9934987425804138
ncb_1-ks_5-nf_16-fvs_30-lr_0.001-mlp_hl_2-mlp_hu_64,1,5,16,30,0.001,2,64,0.0207564922340679,0.0002258935128338,0.03963568136096,0.0202101506292819,0.9917707443237304,0.9933276176452636
ncb_1-ks_9-nf_128-fvs_30-lr_0.001-mlp_hl_2-mlp_hu_64,1,9,128,30,0.001,2,64,0.0188388763635884,0.0006352865020744,0.067564345896244,0.0275258161127567,0.9892044603824616,0.9933276176452636
ncb_2-ks_9-nf_16-fvs_20-lr_0.001-mlp_hl_2-mlp_hu_64,2,9,16,20,0.001,2,64,0.0413484662771225,0.0079049589112401,0.0424249347299337,0.0259936284273862,0.9916167557239532,0.9933276176452636
ncb_2-ks_9-nf_32-fvs_30-lr_0.001-mlp_hl_2-mlp_hu_64,2,9,32,30,0.001,2,64,0.0401446615811437,0.0041962428949773,0.0417016804218292,0.02245320007205,0.9910179674625396,0.9933276176452636
ncb_3-ks_9-nf_64-fvs_10-lr_0.001-mlp_hl_2-mlp_hu_64,3,9,64,10,0.001,2,64,19.94069296084344,0.0472589693963527,20.38895681463182,0.0230069831013679,0.7332420974969864,0.9931565523147584
ncb_1-ks_3-nf_128-fvs_30-lr_0.001-mlp_hl_2-mlp_hu_64,1,3,128,30,0.001,2,64,0.0224957364732631,1.5731251323813922e-06,0.067450051009655,0.0262499302625656,0.9898203670978546,0.9931565523147584
ncb_1-ks_7-nf_128-fvs_20-lr_0.001-mlp_hl_2-mlp_hu_64,1,7,128,20,0.001,2,64,0.0160311706364154,0.0043900581076741,0.0468146480619907,0.0280738901346921,0.9919589400291444,0.9931565523147584
ncb_1-ks_5-nf_128-fvs_30-lr_0.001-mlp_hl_2-mlp_hu_64,1,5,128,30,0.001,2,64,0.0241482744575478,0.0010996995260939,0.0388978423550725,0.0261208545416593,0.991428565979004,0.9931565523147584
ncb_1-ks_3-nf_16-fvs_10-lr_0.001-mlp_hl_2-mlp_hu_64,1,3,16,10,0.001,2,64,0.0210271054413169,0.0049910768866539,0.0401903370395302,0.0252899881452322,0.9901967465877533,0.9931565523147584
ncb_1-ks_7-nf_128-fvs_30-lr_0.001-mlp_hl_2-mlp_hu_64,1,7,128,30,0.001,2,64,0.0234831124544143,0.0010745776817202,0.0655311712995171,0.0227078273892402,0.9895466208457948,0.9931565523147584
ncb_1-ks_3-nf_16-fvs_10-lr_0.001-mlp_hl_1-mlp_hu_256,1,3,16,10,0.001,1,256,0.0155883795378031,0.0001967501884792,0.0427274502813816,0.0218763686716556,0.990076982975006,0.9931565523147584
ncb_1-ks_3-nf_16-fvs_10-lr_0.001-mlp_hl_4-mlp_hu_128,1,3,16,10,0.001,4,128,0.0321857593953609,0.0081612290814518,0.0495285620912909,0.02801313996315,0.9911206126213074,0.9929854869842528
ncb_1-ks_7-nf_16-fvs_10-lr_0.001-mlp_hl_2-mlp_hu_64,1,7,16,10,0.001,2,64,0.0236225960950832,0.0009079159353859,0.0415128333494067,0.0244339443743228,0.9907784521579742,0.9929854869842528
ncb_1-ks_5-nf_32-fvs_20-lr_0.001-mlp_hl_2-mlp_hu_64,1,5,32,20,0.001,2,64,0.0167854791725403,0.0001931772421812,0.0547490732744336,0.0240567531436681,0.991171944141388,0.9929854869842528
ncb_1-ks_3-nf_64-fvs_30-lr_0.001-mlp_hl_2-mlp_hu_64,1,3,64,30,0.001,2,64,0.0224687907211773,7.90453705121763e-05,0.0612478759139776,0.0265601761639118,0.9902309715747832,0.9929854869842528
ncb_1-ks_3-nf_16-fvs_10-lr_0.001-mlp_hl_4-mlp_hu_32,1,3,16,10,0.001,4,32,0.0191900753474328,0.000517327862326,0.0518341686576604,0.0271868333220481,0.9909153163433077,0.9929854869842528
ncb_1-ks_3-nf_16-fvs_10-lr_0.0001-mlp_hl_2-mlp_hu_256,1,3,16,10,0.0001,2,256,0.0210089106112718,0.0064766826108098,0.0386202642694115,0.0255545601248741,0.9883319199085236,0.9929854869842528
ncb_1-ks_3-nf_16-fvs_10-lr_0.001-mlp_hl_1-mlp_hu_128,1,3,16,10,0.001,1,128,0.0180459031718783,0.0016527377301827,0.0443847727030515,0.0253595076501369,0.9907442331314088,0.9929854869842528
ncb_3-ks_9-nf_128-fvs_30-lr_0.001-mlp_hl_2-mlp_hu_64,3,9,128,30,0.001,2,64,0.0336310066282749,0.0190698821097612,0.0846621427685022,0.032391533255577,0.9896834909915924,0.9929854869842528
ncb_2-ks_9-nf_128-fvs_10-lr_0.001-mlp_hl_2-mlp_hu_64,2,9,128,10,0.001,2,64,0.0374997653998434,0.0045788157731294,0.082414498925209,0.0256687402725219,0.9911548376083374,0.9929854869842528
ncb_1-ks_5-nf_64-fvs_10-lr_0.001-mlp_hl_2-mlp_hu_64,1,5,64,10,0.001,2,64,0.0149690150225069,0.0005437579820863,0.0483416609466075,0.022997535765171,0.9911548256874084,0.9928143620491028
ncb_1-ks_9-nf_128-fvs_10-lr_0.001-mlp_hl_2-mlp_hu_64,1,9,128,10,0.001,2,64,0.0168889622786082,0.0006358608370646,0.0544050794094801,0.0292896591126918,0.9906073570251464,0.9928143620491028
ncb_1-ks_3-nf_16-fvs_10-lr_0.0001-mlp_hl_4-mlp_hu_32,1,3,16,10,0.0001,4,32,0.0374816685914993,0.0177671015262603,0.0395219745114445,0.0221010129898786,0.986432844400406,0.9928143620491028
ncb_1-ks_3-nf_16-fvs_10-lr_0.0001-mlp_hl_1-mlp_hu_256,1,3,16,10,0.0001,1,256,0.0337772347033023,0.0190162919461727,0.0412247590720653,0.0223804246634244,0.9861077725887298,0.9928143620491028
ncb_1-ks_3-nf_128-fvs_20-lr_0.001-mlp_hl_2-mlp_hu_64,1,3,128,20,0.001,2,64,0.0279208060013843,1.3751037840847856e-05,0.0559324078261852,0.0278364345431327,0.9903165102005004,0.9928143620491028
ncb_2-ks_9-nf_16-fvs_30-lr_0.001-mlp_hl_2-mlp_hu_64,2,9,16,30,0.001,2,64,0.0373304411768913,0.0081982547417283,0.0656162632629275,0.0266687031835317,0.9875449061393736,0.9926432967185974
ncb_1-ks_3-nf_16-fvs_30-lr_0.001-mlp_hl_2-mlp_hu_64,1,3,16,30,0.001,2,64,0.0369845183799043,0.001378672895953,0.0567857300862669,0.0237181782722473,0.9913601398468016,0.9926432967185974
ncb_1-ks_7-nf_64-fvs_20-lr_0.001-mlp_hl_2-mlp_hu_64,1,7,64,20,0.001,2,64,0.0210739908274263,0.0032480917870998,0.0821630399674177,0.0377333126962184,0.9864157319068908,0.9926432967185974
ncb_1-ks_9-nf_128-fvs_20-lr_0.001-mlp_hl_2-mlp_hu_64,1,9,128,20,0.001,2,64,0.0177734735654667,0.0011064352001994,0.0678968548774719,0.0343298986554145,0.9887938380241394,0.9926432967185974
ncb_1-ks_5-nf_128-fvs_10-lr_0.001-mlp_hl_2-mlp_hu_64,1,5,128,10,0.001,2,64,0.0148100414335203,2.3224383767228574e-05,0.0939493358135223,0.0217090733349323,0.9898545801639556,0.9926432967185974
ncb_1-ks_5-nf_64-fvs_20-lr_0.001-mlp_hl_2-mlp_hu_64,1,5,64,20,0.001,2,64,0.0145338440761406,5.386140401242301e-06,0.071221237629652,0.0223943125456571,0.9901625394821169,0.9926432967185974
ncb_1-ks_3-nf_16-fvs_10-lr_0.0001-mlp_hl_2-mlp_hu_64,1,3,16,10,0.0001,2,64,0.0340337673202157,0.0202229917049407,0.0330284792929887,0.0215368065983057,0.9885714292526244,0.9926432967185974
ncb_1-ks_3-nf_16-fvs_10-lr_0.001-mlp_hl_2-mlp_hu_128,1,3,16,10,0.001,2,128,0.0135264154057949,0.0027966746129095,0.0424526691436767,0.0227570515125989,0.9906586885452272,0.9926432967185974
ncb_1-ks_3-nf_16-fvs_10-lr_0.001-mlp_hl_2-mlp_hu_256,1,3,16,10,0.001,2,256,0.0227165206335485,0.0047161029651761,0.0562983371317386,0.0355263464152812,0.9887767314910888,0.9924721717834472
ncb_1-ks_3-nf_16-fvs_10-lr_0.0001-mlp_hl_1-mlp_hu_64,1,3,16,10,0.0001,1,64,0.0286414515227079,0.0092611592262983,0.0389519736170768,0.0215030033141374,0.9866894721984864,0.9924721717834472
ncb_1-ks_7-nf_64-fvs_30-lr_0.001-mlp_hl_2-mlp_hu_64,1,7,64,30,0.001,2,64,0.0200252201408147,0.0022576213814318,0.0653865791857242,0.0326276123523712,0.9912232637405396,0.9924721717834472
ncb_4-ks_9-nf_16-fvs_20-lr_0.001-mlp_hl_2-mlp_hu_64,4,9,16,20,0.001,2,64,0.0690520241856575,0.0163327753543853,0.1089577376842498,0.0368702113628387,0.9878186523914336,0.992301106452942
ncb_1-ks_3-nf_16-fvs_10-lr_0.001-mlp_hl_4-mlp_hu_64,1,3,16,10,0.001,4,64,0.0184379243888542,0.0001333624968538,0.0623510969802737,0.0308229085057973,0.9908982038497924,0.992301106452942
ncb_1-ks_3-nf_16-fvs_10-lr_0.0001-mlp_hl_3-mlp_hu_64,1,3,16,10,0.0001,3,64,0.0331709306687116,0.0196153055876493,0.0343029340729117,0.022294845432043,0.9898545801639556,0.992301106452942
ncb_1-ks_9-nf_64-fvs_30-lr_0.001-mlp_hl_2-mlp_hu_64,1,9,64,30,0.001,2,64,0.02411416801624,0.0054403734393417,0.0741753727197647,0.0297342650592327,0.99050469994545,0.9921300411224364
ncb_1-ks_3-nf_16-fvs_10-lr_0.001-mlp_hl_3-mlp_hu_64,1,3,16,10,0.001,3,64,0.0214758349815383,0.0005177047569304,0.066505853459239,0.0306142531335353,0.990042769908905,0.9921300411224364
ncb_1-ks_9-nf_32-fvs_20-lr_0.001-mlp_hl_2-mlp_hu_64,1,9,32,20,0.001,2,64,0.0175611698068678,0.0078304754570126,0.0589966999366879,0.0298390965908765,0.9897861421108246,0.9919589161872864
ncb_1-ks_7-nf_16-fvs_20-lr_0.001-mlp_hl_2-mlp_hu_64,1,7,16,20,0.001,2,64,0.013148046110291,0.0010397986043244,0.0970630625262856,0.0304596554487943,0.9894097447395324,0.9919589161872864
ncb_3-ks_9-nf_64-fvs_30-lr_0.001-mlp_hl_2-mlp_hu_64,3,9,64,30,0.001,2,64,0.0569689417257905,0.0185847375541925,0.068926197849214,0.0270301811397075,0.9878015458583832,0.9916167855262756
ncb_1-ks_3-nf_16-fvs_10-lr_0.0001-mlp_hl_3-mlp_hu_32,1,3,16,10,0.0001,3,32,0.0394946293905377,0.0209264829754829,0.0379163213074207,0.0260181073099374,0.9868092358112336,0.9916167855262756
ncb_1-ks_3-nf_16-fvs_10-lr_0.001-mlp_hl_2-mlp_hu_32,1,3,16,10,0.001,2,32,0.0172687428304925,0.0029081969987601,0.0357709901407361,0.028316119685769,0.9904875934123992,0.9914456605911256
ncb_1-ks_3-nf_32-fvs_30-lr_0.001-mlp_hl_2-mlp_hu_64,1,3,32,30,0.001,2,64,0.0240058347349986,0.0029325939249247,0.0792815290391445,0.0328408740460872,0.9884858846664428,0.99127459526062
ncb_1-ks_3-nf_16-fvs_10-lr_0.001-mlp_hl_3-mlp_hu_128,1,3,16,10,0.001,3,128,0.0241815307177603,0.0075436597689986,0.0852841896936297,0.0293268710374832,0.9878357529640198,0.9909324049949646
ncb_1-ks_3-nf_16-fvs_10-lr_0.0001-mlp_hl_1-mlp_hu_32,1,3,16,10,0.0001,1,32,0.0341363092884421,0.0160581655800342,0.0401959421113133,0.0295369606465101,0.987442260980606,0.9909324049949646
ncb_1-ks_3-nf_16-fvs_20-lr_0.001-mlp_hl_2-mlp_hu_64,1,3,16,20,0.001,2,64,0.0183335663052275,0.0016769850626587,0.0534003840759396,0.0296191964298486,0.987921279668808,0.9909324049949646
ncb_4-ks_9-nf_64-fvs_20-lr_0.001-mlp_hl_2-mlp_hu_64,4,9,64,20,0.001,2,64,0.4632643014192581,0.0548670440912246,0.3625775657594204,0.0381380394101142,0.8200171113014221,0.9907613396644592
ncb_1-ks_3-nf_32-fvs_10-lr_0.001-mlp_hl_2-mlp_hu_64,1,3,32,10,0.001,2,64,0.0154004772193729,0.0054220180027186,0.1112538661807775,0.0523836351931095,0.9872882723808288,0.9904191493988036
ncb_1-ks_3-nf_16-fvs_10-lr_0.01-mlp_hl_1-mlp_hu_32,1,3,16,10,0.01,1,32,0.0674477256834507,0.0208071842789649,0.080772254243493,0.0353207513689994,0.985953801870346,0.9897348284721376
ncb_4-ks_9-nf_64-fvs_30-lr_0.001-mlp_hl_2-mlp_hu_64,4,9,64,30,0.001,2,64,30.20855019912124,0.0443248003721237,30.256501442939044,0.0399347431957721,0.6920615911483765,0.989392638206482
ncb_1-ks_3-nf_16-fvs_10-lr_0.01-mlp_hl_2-mlp_hu_128,1,3,16,10,0.01,2,128,0.6320535287261009,0.0584332793951034,0.629945109039545,0.0488709583878517,0.550179636478424,0.989392638206482
ncb_1-ks_3-nf_16-fvs_10-lr_0.01-mlp_hl_2-mlp_hu_64,1,3,16,10,0.01,2,64,0.8938217367976904,0.0507337860763073,0.4472253441810608,0.0804690197110176,0.9472540616989136,0.9890504479408264
ncb_1-ks_3-nf_16-fvs_10-lr_0.01-mlp_hl_1-mlp_hu_64,1,3,16,10,0.01,1,64,0.3771126605570316,0.0545047521591186,0.9287887025624514,0.0375570394098758,0.8186484158039093,0.9881950616836548
ncb_1-ks_3-nf_16-fvs_10-lr_0.01-mlp_hl_4-mlp_hu_32,1,3,16,10,0.01,4,32,0.7670137405395507,0.1590244472026825,0.6447129547595978,0.3812555968761444,0.6318049520254135,0.9878528714179992
ncb_1-ks_3-nf_16-fvs_10-lr_0.01-mlp_hl_2-mlp_hu_32,1,3,16,10,0.01,2,32,5.6414579160511495,0.0691692680120468,7.675686270743609,0.0521799102425575,0.8685543209314346,0.987681806087494
ncb_1-ks_3-nf_16-fvs_10-lr_0.01-mlp_hl_3-mlp_hu_32,1,3,16,10,0.01,3,32,30.522004395723343,0.2207391858100891,32.588393113017084,0.158702552318573,0.670059883594513,0.9859709143638612
ncb_1-ks_3-nf_16-fvs_10-lr_0.01-mlp_hl_2-mlp_hu_256,1,3,16,10,0.01,2,256,45.564052402973175,0.3905240297317505,45.13998615443707,0.3990070521831512,0.5474422484636307,0.9844311475753784
ncb_1-ks_3-nf_16-fvs_10-lr_0.01-mlp_hl_1-mlp_hu_128,1,3,16,10,0.01,1,128,0.6290286969393492,0.0451829545199871,0.6354538165032864,0.1092831715941429,0.5487767279148101,0.961334466934204
ncb_1-ks_3-nf_16-fvs_10-lr_0.01-mlp_hl_3-mlp_hu_64,1,3,16,10,0.01,3,64,0.7103121638298034,0.6930146813392639,0.6562488675117493,0.3203889727592468,0.5432164371013641,0.9375534653663636
ncb_1-ks_3-nf_16-fvs_10-lr_0.01-mlp_hl_4-mlp_hu_64,1,3,16,10,0.01,4,64,0.6937534093856812,0.6928307414054871,0.6942327499389649,0.6928792595863342,0.4976219117641449,0.5118905305862427
ncb_3-ks_9-nf_32-fvs_20-lr_0.001-mlp_hl_2-mlp_hu_64,3,9,32,20,0.001,2,64,0.693311482667923,0.6930878162384033,0.6931673288345337,0.6930112838745117,0.4982378125190735,0.5088109374046326
ncb_4-ks_9-nf_32-fvs_10-lr_0.001-mlp_hl_2-mlp_hu_64,4,9,32,10,0.001,2,64,0.6934287548065186,0.692956268787384,0.693545264005661,0.6930662989616394,0.4945936679840088,0.506757915019989
ncb_1-ks_3-nf_16-fvs_10-lr_0.01-mlp_hl_3-mlp_hu_256,1,3,16,10,0.01,3,256,50.87999954223633,49.5,49.4439697265625,49.4439697265625,0.5055602788925171,0.5055602788925171
ncb_4-ks_9-nf_128-fvs_20-lr_0.001-mlp_hl_2-mlp_hu_64,4,9,128,20,0.001,2,64,49.63000068664551,48.900001525878906,49.47818756103516,49.47818756103516,0.5052181482315063,0.5052181482315063
ncb_3-ks_9-nf_64-fvs_20-lr_0.001-mlp_hl_2-mlp_hu_64,3,9,64,20,0.001,2,64,0.6935599446296692,0.6935599446296692,0.6931363344192505,0.6931363344192505,0.5029940009117126,0.5029940009117126
ncb_3-ks_9-nf_128-fvs_20-lr_0.001-mlp_hl_2-mlp_hu_64,3,9,128,20,0.001,2,64,0.693321841955185,0.693005383014679,0.6932278633117676,0.6931481957435608,0.5001197576522827,0.5005987882614136
ncb_1-ks_3-nf_16-fvs_10-lr_0.01-mlp_hl_1-mlp_hu_256,1,3,16,10,0.01,1,256,48.92500038146973,48.04999923706055,50.14542388916016,50.14542388916016,0.49854576587677,0.49854576587677
ncb_1-ks_3-nf_16-fvs_10-lr_0.01-mlp_hl_3-mlp_hu_128,1,3,16,10,0.01,3,128,50.53499984741211,48.900001525878906,50.14542388916016,50.14542388916016,0.49854576587677,0.49854576587677
ncb_1-ks_3-nf_16-fvs_10-lr_0.01-mlp_hl_4-mlp_hu_128,1,3,16,10,0.01,4,128,50.05499954223633,48.59999847412109,50.2309684753418,50.2309684753418,0.4976903200149536,0.4976903200149536
ncb_1-ks_3-nf_16-fvs_10-lr_0.1-mlp_hl_1-mlp_hu_32,1,3,16,10,0.1,1,32,50.48500022888184,49.29999923706055,50.24807357788086,50.24807357788086,0.4975192546844482,0.4975192546844482
ncb_4-ks_9-nf_128-fvs_30-lr_0.001-mlp_hl_2-mlp_hu_64,4,9,128,30,0.001,2,64,50.54999961853027,48.29999923706055,50.72711563110352,50.72711563110352,0.4927288293838501,0.4927288293838501
ncb_4-ks_9-nf_32-fvs_30-lr_0.001-mlp_hl_2-mlp_hu_64,4,9,32,30,0.001,2,64,0.6936140358448029,0.6933056712150574,0.6933829486370087,0.6931664943695068,0.4918733835220337,0.4918733835220337
ncb_4-ks_9-nf_128-fvs_10-lr_0.001-mlp_hl_2-mlp_hu_64,4,9,128,10,0.001,2,64,0.6932257354259491,0.6929710507392883,0.6935972988605499,0.6931958794593811,0.4905047118663788,0.4905047118663788
